,URL,ID
0,/user/show/85957352-kiim,85957352
1,/user/show/92096951-max,92096951
2,/user/show/38695642-fin-moorhouse,38695642
3,/user/show/5583842-radovan-kavick,5583842
4,/user/show/124437386-fiona,124437386
5,/user/show/24077795-amrit-sidhu-brar,24077795
6,/user/show/23450495-kris-martens,23450495
7,/user/show/8331026-antti-v-rt,8331026
8,/user/show/112066740-madeleine-ahlstr-m,112066740
9,/user/show/90945992-ben-chugg,90945992
10,/user/show/59163939-misha-y,59163939
11,/user/show/41627909-juliette-levine,41627909
12,/user/show/85675576-nauplius,85675576
13,/user/show/8008984-vaidehi,8008984
14,/user/show/32460181-panos-chronis,32460181
15,/user/show/75627563-robin-ver,75627563
16,/user/show/68316850-gavin,68316850
17,/user/show/8861242-daniel,8861242
18,/user/show/21839511-jj,21839511
19,/user/show/19190442-frank,19190442
20,/user/show/93206891-robin,93206891
21,/user/show/24683942-harmanas-chopra,24683942
22,/user/show/50179812-philip,50179812
23,/user/show/105861262-helene,105861262
24,/user/show/92761167-white,92761167
25,/user/show/57238238-tuukka,57238238
26,/user/show/83480083-lewis-hammond,83480083
27,/user/show/33091057-p-emek,33091057
28,/user/show/72024092-keyo-al,72024092
29,/user/show/129928298-kari-ravnestad-kj-rholt,129928298
30,/user/show/47526099-niko,47526099
31,/user/show/63739555-harri-besceli,63739555
32,/user/show/52648434-martin,52648434
33,/user/show/49642104-rehman,49642104
34,/user/show/79393925-yannick-m,79393925
35,/user/show/11571910-josh,11571910
36,/user/show/126527196-jessica,126527196
37,/user/show/19736142-volo,19736142
38,/user/show/89868137-anna-christina,89868137
39,/user/show/59047613-matej-petroci,59047613
40,/user/show/35382819-mizrob-a,35382819
41,/user/show/74797151-hawk-yang,74797151
42,/user/show/28602450-vladyslav-sitalo,28602450
43,/user/show/38319922-bryce-safrit,38319922
44,/user/show/123462817-emily,123462817
45,/user/show/69264666-anish-malpani,69264666
46,/user/show/55377392-rowan,55377392
47,/user/show/97668733-henrik-berg-myhre,97668733
48,/user/show/63618134-julia-wise,63618134
49,/user/show/25104703-jola-cora,25104703
50,/user/show/21585154-jane,21585154
51,/user/show/108283452-adam,108283452
52,/user/show/6671961-irina,6671961
53,/user/show/54920478-karolina,54920478
54,/user/show/87888555-joey-savoie,87888555
55,/user/show/8513124-kate-donovan,8513124
56,/user/show/64687979-sam,64687979
57,/user/show/96107289-scott-constantine,96107289
58,/user/show/26648902-michal,26648902
59,/user/show/124344532-max,124344532
60,/user/show/23430627-matthias,23430627
61,/user/show/45340060-simon-ziswiler,45340060
62,/user/show/14875421-anna,14875421
63,/user/show/38629896-devin,38629896
64,/user/show/52903015-karson,52903015
65,/user/show/89414359-josh-cherry,89414359
66,/user/show/85164955-eli,85164955
67,/user/show/31670283-tony-boyles,31670283
68,/user/show/72204726-henry-cooksley,72204726
69,/user/show/15309277-rafael-ruiz-de-lira,15309277
70,/user/show/38087744-jorge,38087744
71,/user/show/8882501-arvind,8882501
72,/user/show/37663707-alfredo-parra,37663707
73,/user/show/66181531-ivie-crawford,66181531
74,/user/show/72796908-daniel-hageman,72796908
75,/user/show/27935200-stastna-karolina,27935200
76,/user/show/106740037-abdullah-alghamdi,106740037
77,/user/show/21258671-stefan-gugler,21258671
78,/user/show/12838423-t-greg,12838423
79,/user/show/1559568-devon-fritz,1559568
80,/user/show/113456042-jakub-kubista,113456042
81,/user/show/83222535-viktor,83222535
82,/user/show/80516-marielle,80516
83,/user/show/38760662-fredrik-johansson,38760662
84,/user/show/30459883-jo,30459883
85,/user/show/120963250-randal,120963250
86,/user/show/98107037-eric-chirtel,98107037
87,/user/show/13459225-aphelion,13459225
88,/user/show/91312183-ben-dixon,91312183
89,/user/show/7019254-mihnea-maftei,7019254
90,/user/show/7019254-mihnea-maftei,7019254
91,/user/show/28921517-alex-dewey,28921517
92,/user/show/44645765-arq,44645765
93,/user/show/97670100-andreas-l-massey,97670100
94,/user/show/7027368-aaron-gertler,7027368
95,/user/show/15818440-simon-newstead,15818440
96,/user/show/10384788-james,10384788
97,/user/show/7721642-nico,7721642
98,/user/show/48030160-juan-b,48030160
99,/user/show/27547209-tara,27547209
100,/user/show/22055764-olivier,22055764
101,/user/show/51035530-maximiliane-marcipane,51035530
102,/user/show/45821917-jos,45821917
103,/user/show/121418286-mads-schr-der,121418286
104,/user/show/126492348-mara-mazoff,126492348
105,/user/show/60593134-cynthia-chen,60593134
106,/user/show/61647797-linda-obreg-n,61647797
107,/user/show/96817251-quinn-dougherty,96817251
108,/user/show/18983103-andreas-villarreal,18983103
109,/user/show/59340194-hamish-seamus,59340194
110,/user/show/97417159-jen,97417159
111,/user/show/14350960-bhishmaraj,14350960
112,/user/show/40732498-francisco-galan,40732498
113,/user/show/2457786-pablo-stafforini,2457786
114,/user/show/107355563-ben-drawer,107355563
115,/user/show/105814122-xiaolei-z,105814122
116,/user/show/111717055-gabriel-wagner,111717055
117,/user/show/118133518-suddi,118133518
118,/user/show/6158115-armand-cognetta,6158115
119,/user/show/115306732-carolin-bsl,115306732
120,/user/show/117194676-tilker,117194676
121,/user/show/8709153-linchuan,8709153
122,/user/show/72965060-caleb-ontiveros,72965060
123,/user/show/8716222-emily,8716222
124,/user/show/75847726-esther-kemball,75847726
125,/user/show/15474029-panashe-m,15474029
126,/user/show/45366841-jake-orthwein,45366841
127,/user/show/63537253-jakob,63537253
128,/user/show/4891018-matt,4891018
129,/user/show/116352684-sara-elsholz,116352684
130,/user/show/16755631-irina,16755631
131,/user/show/38479625-gus-hebblewhite,38479625
132,/user/show/45876171-jonathan-mannhart,45876171
133,/user/show/22820116-william-kiely,22820116
134,/user/show/39901667-jake,39901667
135,/user/show/24713264-greg,24713264
136,/user/show/2690586-master-melvin-m-lusterio,2690586
137,/user/show/107264866-sven-herrmann,107264866
138,/user/show/101175167-luca,101175167
139,/user/show/25986185-shri-samson,25986185
140,/user/show/117248912-simon-grimm,117248912
141,/user/show/18908625-michal-keda,18908625
142,/user/show/9666706-patrick-brinich-langlois,9666706
143,/user/show/19553820-palak-madan,19553820
144,/user/show/42838471-chris,42838471
145,/user/show/8817993-sarah,8817993
146,/user/show/99771400-fiona-gallagher,99771400
147,/user/show/97987293-ethan,97987293
148,/user/show/117116202-bhikshu,117116202
149,/user/show/262099-subodh,262099
150,/user/show/22704241-rory-varc,22704241
151,/user/show/32697213-y,32697213
152,/user/show/44116519-j-rgen,44116519
153,/user/show/84342610-feather,84342610
154,/user/show/8118581-david-hor-k,8118581
155,/user/show/37989824-krzysztof-adam-witalewski,37989824
156,/user/show/92615303-matthew-van-der-merwe,92615303
157,/user/show/72145219-yzar-wehbe,72145219
158,/user/show/9731922-sarah,9731922
159,/user/show/50965745-a,50965745
160,/user/show/10944894-tifraz,10944894
161,/user/show/37294782-wren,37294782
162,/user/show/50375509-ali-bagherpour,50375509
163,/user/show/52710240-scott-henson,52710240
164,/user/show/42851482-tyler-alterman,42851482
165,/user/show/46444320-per-helge-h,46444320
166,/user/show/51077729-caleb-withers,51077729
167,/user/show/3924210-nadvornix,3924210
168,/user/show/45311413-lars-andersson,45311413
169,/user/show/40407274-rosie-campbell,40407274
170,/user/show/15111660-ozzie-gooen,15111660
171,/user/show/60175802-damien-clarkson,60175802
172,/user/show/52226471-jasper-g-tting,52226471
173,/user/show/77149020-melanie-ferrari,77149020
174,/user/show/1363493-eric-herboso,1363493
175,/user/show/69586186-logan-cross,69586186
176,/user/show/1859963-suhrob,1859963
177,/user/show/19373916-dan-elton,19373916
178,/user/show/10968999-lynoure,10968999
179,/user/show/6918316-boris,6918316
180,/user/show/50400774-jeremy-meyer,50400774
181,/user/show/103847111-thomas,103847111
182,/user/show/51233580-marcell,51233580
183,/user/show/30595186-felix-outlaw,30595186
184,/user/show/75521131-joao-almeida-domingues,75521131
185,/user/show/42095263-nicola-isabelle,42095263
186,/user/show/29306698-christian-lewis,29306698
187,/user/show/12397822-christopher-galias,12397822
188,/user/show/13353762-fereidoon,13353762
189,/user/show/6226405-yasiru,6226405
190,/user/show/97468541-aaron-hamlin,97468541
191,/user/show/34457531-thao-nguyen,34457531
192,/user/show/22638436-greyson-lewis,22638436
193,/user/show/78228428-svalan,78228428
194,/user/show/16129997-chris-fitzroy,16129997
195,/user/show/46313624-andis-draguns,46313624
196,/user/show/84216527-tao-yufeng,84216527
197,/user/show/58222284-madeleine-alomar,58222284
198,/user/show/23641672-baiju-patel,23641672
199,/user/show/10906094-john,10906094
200,/user/show/78964958-michael-chen,78964958
201,/user/show/58295657-henri-thunberg,58295657
202,/user/show/56182937-cullyn,56182937
203,/user/show/127453978-its-just,127453978
204,/user/show/20103683-screw-driver,20103683
205,/user/show/35228409-niel-bowerman,35228409
206,/user/show/50331599-roxana,50331599
207,/user/show/112985246-zhijing-jin,112985246
208,/user/show/79126355-jacy-anthis,79126355
209,/user/show/72997602-peter-mccluskey,72997602
210,/user/show/97688014-tassilo-neubauer,97688014
211,/user/show/55084918-david-bernard,55084918
212,/user/show/63327077-lucius,63327077
213,/user/show/26714077-anna-ringvold,26714077
214,/user/show/10281106-zachary,10281106
215,/user/show/5526696-mooncalf,5526696
216,/user/show/27298116-tianyu-guo,27298116
217,/user/show/101484878-mata-i,101484878
218,/user/show/33885367-ryan-reagan,33885367
219,/user/show/90903179-kristine-b-fredriksen,90903179
220,/user/show/12325378-elise-rise,12325378
221,/user/show/35936532-tristan-cook,35936532
222,/user/show/36963063-kyle-scott,36963063
223,/user/show/50820118-hayden,50820118
224,/user/show/115053084-janvi,115053084
225,/user/show/16003494-neel-nanda,16003494
226,/user/show/39900938-puremachinery,39900938
227,/user/show/29228984-danielle-jeffery,29228984
228,/user/show/58023771-zy-huang,58023771
229,/user/show/12295590-timo-br-nseth,12295590
230,/user/show/22058145-matthijs,22058145
231,/user/show/62385418-hiran-raju,62385418
232,/user/show/14134912-christelle,14134912
233,/user/show/58305335-arushi-gupta,58305335
234,/user/show/28088642-chris,28088642
235,/user/show/39293295-meiy,39293295
236,/user/show/6975261-haidah,6975261
237,/user/show/42827783-howie-lempel,42827783
238,/user/show/23260483-viktoria,23260483
239,/user/show/70758887-candace-lubojasky,70758887
240,/user/show/122978288-joe-faullin,122978288
241,/user/show/106407868-cristina,106407868
242,/user/show/73424717-caroline,73424717
243,/user/show/29995384-alex,29995384
244,/user/show/92451520-harlan-stewart,92451520
245,/user/show/36941577-palle,36941577
246,/user/show/16972651-david-mears,16972651
247,/user/show/20043991-anjali-gopal,20043991
248,/user/show/26946972-moln-r-tam-s,26946972
249,/user/show/3827747-tenoke,3827747
250,/user/show/4671030-nathan,4671030
251,/user/show/7256638-ian-pitchford,7256638
252,/user/show/53484997-alex,53484997
253,/user/show/2307683-kristof,2307683
254,/user/show/53990322-david-weber,53990322
255,/user/show/109453509-jacob-schwartz,109453509
256,/user/show/37419852-carrick-flynn,37419852
257,/user/show/47991247-adam,47991247
258,/user/show/34999787-kyle-olbert,34999787
259,/user/show/97916753-maximilian-negele,97916753
260,/user/show/84681379-justin-kwong,84681379
261,/user/show/42804189-femmebelle,42804189
262,/user/show/10223814-ale,10223814
263,/user/show/4756057-emily-spencer,4756057
264,/user/show/37816138-s-ren-mind,37816138
265,/user/show/108773192-karl-janelle,108773192
266,/user/show/7671690-rochelle,7671690
267,/user/show/6415818-cornelis-haupt,6415818
268,/user/show/83812083-fiona-yang,83812083
269,/user/show/24457319-chris-byrd,24457319
270,/user/show/41939795-nick-cooney,41939795
271,/user/show/9835304-kerri,9835304
272,/user/show/11710195-marko,11710195
273,/user/show/5346762-nolan,5346762
274,/user/show/77407184-rebecca-dar,77407184
275,/user/show/10818229-toby,10818229
276,/user/show/42891542-sara-mar-n-l-pez,42891542
277,/user/show/54850987-jonathan-rolfsen,54850987
278,/user/show/56918001-sairah-j,56918001
279,/user/show/35136404-alexander-ray,35136404
280,/user/show/12278696-drigo,12278696
281,/user/show/9413401-geoffrey-miller,9413401
282,/user/show/42651335-mat-ss-apinis,42651335
283,/user/show/51371341-david,51371341
284,/user/show/38449140-alasdair-reads,38449140
285,/user/show/106000269-a,106000269
286,/user/show/1193155-mark,1193155
287,/user/show/40073190-sydney-martin,40073190
288,/user/show/9414534-josh,9414534
289,/user/show/19749237-william-s,19749237
290,/user/show/11548927-peter,11548927
291,/user/show/92514056-matthew-hodgman,92514056
292,/user/show/38501936-maria-salazar,38501936
293,/user/show/19674573-aditya-jahagirdar,19674573
294,/user/show/23049925-alex-cuevas,23049925
295,/user/show/70569649-anthony-dejonckere,70569649
296,/user/show/39296821-joseph-o-neill,39296821
297,/user/show/61986981-cj,61986981
298,/user/show/38054252-benjamin-clifford,38054252
299,/user/show/12841338-javed-ahamed,12841338
300,/user/show/29845266-adrestia,29845266
301,/user/show/6026367-martin,6026367
302,/user/show/18921691-ram-pratheeban,18921691
303,/user/show/55013119-paul,55013119
304,/user/show/33293565-marko-bastovanovic,33293565
305,/user/show/84848714-kent-horvath,84848714
306,/user/show/25599472-ron-baumann,25599472
307,/user/show/18885684-aadil-ayub,18885684
308,/user/show/38004711-beth-barnes,38004711
309,/user/show/44143076-ben-olsen,44143076
310,/user/show/46469931-brianna-wynn,46469931
311,/user/show/37908901-andrew-pearson,37908901
312,/user/show/11559104-devarsh,11559104
313,/user/show/38839573-celso-vieira,38839573
314,/user/show/44734317-adam-hoffman,44734317
315,/user/show/4572397-asyraf-a,4572397
316,/user/show/38578419-setting4success,385784194
317,/user/show/40283632-dony-christie,40283632
318,/user/show/35154374-rados-aw-wilski,35154374
319,/user/show/76173296-bernard-bryce,76173296
320,/user/show/23211837-tom-ash,23211837
321,/user/show/42828542-alberto-emanuele,42828542
322,/user/show/65566773-stephen-bisk,65566773
323,/user/show/34969432-jonathan-chern,34969432
324,/user/show/22360726-sam-the,22360726
325,/user/show/55420316-sheri,55420316
326,/user/show/5966527-mike,5966527
327,/user/show/28297344-andrew-sb,28297344
328,/user/show/24777691-edward-lee,24777691
329,/user/show/44793467-katrina-a-marti,44793467
330,/user/show/42826370-erik-hausen,42826370
331,/user/show/25350534-wendy-russell,25350534
332,/user/show/35122458-ailsa,35122458
